"Date","Price","Open","High","Low","Vol.","Change %"
"Oct 04, 2019","2.6265","2.6160","2.6160","2.6160","0.45K","0.29%"
"Oct 03, 2019","2.6190","2.6080","2.6080","2.6080","0.58K","-0.61%"
"Oct 02, 2019","2.6350","2.6250","2.6250","2.6250","0.97K","0.21%"
"Oct 01, 2019","2.6295","2.6195","2.6195","2.6195","0.99K","-0.70%"
"Sep 30, 2019","2.6480","2.6370","2.6370","2.6370","0.70K","-0.69%"
"Sep 27, 2019","2.6665","2.6555","2.6555","2.6555","0.30K","0.76%"
"Sep 26, 2019","2.6465","2.6355","2.6355","2.6355","0.45K","-1.18%"
"Sep 25, 2019","2.6780","2.6670","2.6670","2.6670","0.45K","0.21%"
"Sep 24, 2019","2.6725","2.6615","2.6615","2.6615","0.22K","-0.24%"
"Sep 23, 2019","2.6790","2.6680","2.6680","2.6680","0.24K","0.15%"
"Sep 20, 2019","2.6750","2.6640","2.6640","2.6640","0.38K","-0.15%"
"Sep 19, 2019","2.6790","2.6680","2.6680","2.6680","0.37K","-0.15%"
"Sep 18, 2019","2.6830","2.6720","2.6720","2.6720","0.30K","-0.59%"
"Sep 17, 2019","2.6990","2.6880","2.6880","2.6880","0.39K","-0.61%"
"Sep 16, 2019","2.7155","2.7045","2.7045","2.7045","0.00K","-1.79%"
"Sep 13, 2019","2.7650","2.7540","2.7540","2.7540","0.80K","2.12%"
"Sep 12, 2019","2.7075","2.6965","2.6965","2.6965","0.71K","0.89%"
"Sep 11, 2019","2.6835","2.6725","2.6725","2.6725","0.61K","-0.35%"
"Sep 10, 2019","2.6930","2.6820","2.6820","2.6820","0.21K","0.04%"
"Sep 09, 2019","2.6920","2.6810","2.6810","2.6810","0.16K","-0.33%"
"Sep 06, 2019","2.7010","2.6900","2.6900","2.6900","0.58K","-0.31%"
"Sep 05, 2019","2.7095","2.6985","2.6985","2.6985","0.22K","1.84%"
"Sep 04, 2019","2.6605","2.6495","2.6495","2.6495","0.39K","2.50%"
"Sep 03, 2019","2.5955","2.5845","2.5845","2.5845","0.62K","2.51%"
"Sep 02, 2019","2.5320","2.5520","2.5670","2.5280","-","-0.78%"
"Sep 01, 2019","2.5520","2.5570","2.5570","2.5470","-","-2.56%"
"Aug 30, 2019","2.6190","2.6080","2.6080","2.6080","0.39K","-0.91%"
"Aug 29, 2019","2.6430","2.6320","2.6320","2.6320","0.67K","0.44%"
"Aug 28, 2019","2.6315","2.6205","2.6205","2.6205","0.25K","0.40%"
"Aug 27, 2019","2.6210","2.6100","2.6100","2.6100","0.49K","0.06%"
"Aug 26, 2019","2.6195","2.6085","2.6085","2.6085","0.13K","0.46%"
"Aug 23, 2019","2.6075","2.5965","2.5965","2.5965","0.16K","-1.14%"
"Aug 22, 2019","2.6375","2.6265","2.6265","2.6265","0.19K","-0.86%"
"Aug 21, 2019","2.6605","2.6495","2.6495","2.6495","0.60K","0.26%"
"Aug 20, 2019","2.6535","2.6425","2.6425","2.6425","0.55K","-0.88%"
"Aug 19, 2019","2.6770","2.6660","2.6660","2.6660","0.17K","0.22%"
"Aug 16, 2019","2.6710","2.6600","2.6600","2.6600","0.34K","-0.06%"
"Aug 15, 2019","2.6725","2.6615","2.6615","2.6615","1.97K","0.17%"
"Aug 14, 2019","2.6680","2.6570","2.6570","2.6570","0.14K","-1.40%"
"Aug 13, 2019","2.7060","2.6950","2.6950","2.6950","0.32K","1.63%"
"Aug 12, 2019","2.6625","2.6515","2.6515","2.6515","0.09K","-0.13%"
"Aug 09, 2019","2.6660","2.6550","2.6550","2.6550","0.23K","-0.67%"
"Aug 08, 2019","2.6840","2.6730","2.6730","2.6730","0.20K","1.23%"
"Aug 07, 2019","2.6515","2.6405","2.6405","2.6405","0.11K","0.51%"
"Aug 06, 2019","2.6380","2.6270","2.6270","2.6270","0.29K","0.44%"
"Aug 05, 2019","2.6265","2.6215","2.6790","2.6215","0.01K","-1.00%"
"Aug 02, 2019","2.6530","2.6420","2.6420","2.6420","0.18K","-3.39%"
"Aug 01, 2019","2.7460","2.7350","2.7350","2.7350","0.08K","0.02%"
"Jul 31, 2019","2.7455","2.7345","2.7345","2.7345","0.21K","-0.34%"
"Jul 30, 2019","2.7550","2.7440","2.7440","2.7440","0.23K","-1.29%"
"Jul 29, 2019","2.7910","2.7800","2.7800","2.7800","0.09K","1.03%"
"Jul 26, 2019","2.7625","2.7515","2.7515","2.7515","0.09K","-0.68%"
"Jul 25, 2019","2.7815","2.7705","2.7705","2.7705","0.07K","-0.20%"
"Jul 24, 2019","2.7870","2.7760","2.7760","2.7760","0.04K","0.52%"
"Jul 23, 2019","2.7725","2.7615","2.7615","2.7615","0.06K","-0.95%"
"Jul 22, 2019","2.7990","2.7880","2.7880","2.7880","0.28K","-0.82%"
"Jul 19, 2019","2.8220","2.8110","2.8110","2.8110","0.34K","1.60%"
"Jul 18, 2019","2.7775","2.7665","2.7665","2.7665","0.19K","-0.25%"
"Jul 17, 2019","2.7845","2.7735","2.7735","2.7735","0.12K","0.52%"
"Jul 16, 2019","2.7700","2.7590","2.7590","2.7590","0.09K","-0.40%"
"Jul 15, 2019","2.7810","2.7700","2.7700","2.7700","0.18K","0.47%"
"Jul 12, 2019","2.7680","2.7570","2.7570","2.7570","0.11K","0.22%"
"Jul 11, 2019","2.7620","2.7510","2.7510","2.7510","0.31K","-0.13%"
"Jul 10, 2019","2.7655","2.7545","2.7545","2.7545","0.12K","2.41%"
"Jul 09, 2019","2.7005","2.6895","2.6895","2.6895","0.14K","-1.28%"
"Jul 08, 2019","2.7355","2.7245","2.7245","2.7245","0.57K","0.00%"
"Jul 05, 2019","2.7355","2.7245","2.7245","2.7245","0.18K","2.07%"
"Jul 04, 2019","2.6800","2.6850","2.6870","2.6700","-","-2.60%"
"Jul 03, 2019","2.7515","2.7405","2.7405","2.7405","0.12K","0.40%"
"Jul 02, 2019","2.7405","2.7295","2.7295","2.7295","0.47K","-0.71%"
"Jul 01, 2019","2.7600","2.7490","2.7490","2.7490","0.33K","-0.88%"
"Jun 28, 2019","2.7845","2.7740","2.7740","2.7740","0.22K","-0.02%"
"Jun 27, 2019","2.7850","2.7745","2.7745","2.7745","0.11K","0.02%"
"Jun 26, 2019","2.7845","2.7740","2.7740","2.7740","0.44K","-0.54%"
"Jun 25, 2019","2.7995","2.7890","2.7890","2.7890","0.17K","1.19%"
"Jun 24, 2019","2.7665","2.7560","2.7560","2.7560","0.06K","0.11%"
"Jun 21, 2019","2.7635","2.7520","2.7520","2.7520","0.06K","0.04%"
"Jun 20, 2019","2.7625","2.7510","2.7510","2.7510","0.06K","1.15%"
"Jun 19, 2019","2.7310","2.7195","2.7195","2.7195","0.09K","-0.58%"
"Jun 18, 2019","2.7470","2.7355","2.7355","2.7355","0.09K","1.89%"
"Jun 17, 2019","2.6960","2.6845","2.6845","2.6845","0.11K","0.24%"
"Jun 14, 2019","2.6895","2.6780","2.6780","2.6780","0.06K","-1.12%"
"Jun 13, 2019","2.7200","2.7085","2.7085","2.7085","0.03K","0.00%"
"Jun 12, 2019","2.7200","2.7085","2.7085","2.7085","0.04K","-0.62%"
"Jun 11, 2019","2.7370","2.7255","2.7255","2.7255","0.03K","0.50%"
"Jun 10, 2019","2.7235","2.7120","2.7120","2.7120","0.05K","1.23%"
"Jun 07, 2019","2.6905","2.6790","2.6790","2.6790","0.08K","-0.94%"
"Jun 06, 2019","2.7160","2.7045","2.7045","2.7045","0.05K","0.95%"
"Jun 05, 2019","2.6905","2.6790","2.6790","2.6790","0.03K","-1.66%"
"Jun 04, 2019","2.7360","2.7240","2.7240","2.7240","0.04K","0.70%"
"Jun 03, 2019","2.7170","2.7050","2.7050","2.7050","0.04K","0.52%"
"May 31, 2019","2.7030","2.6910","2.6910","2.6910","0.11K","-0.86%"
"May 30, 2019","2.7265","2.7180","2.7180","2.7180","0.00K","-0.47%"
"May 29, 2019","2.7395","2.7310","2.7310","2.7310","0.06K","-0.90%"
"May 28, 2019","2.7645","2.7560","2.7560","2.7560","0.11K","1.90%"
"May 27, 2019","2.7130","2.7000","2.7170","2.6960","-","0.44%"
"May 26, 2019","2.7010","2.6990","2.7030","2.6950","-","-2.49%"
"May 24, 2019","2.7700","2.7625","2.7625","2.7625","0.01K","0.60%"
"May 23, 2019","2.7535","2.7460","2.7460","2.7460","0.01K","-0.07%"
"May 22, 2019","2.7555","2.7480","2.7480","2.7480","0.26K","-1.04%"
"May 21, 2019","2.7845","2.7800","2.7800","2.7800","0.16K","-0.14%"
"May 20, 2019","2.7885","2.7840","2.7840","2.7840","0.02K","-0.52%"
"May 17, 2019","2.8030","2.7985","2.7985","2.7985","0.00K","-0.30%"
"May 16, 2019","2.8115","2.8070","2.8070","2.8070","0.02K","0.36%"
"May 15, 2019","2.8015","2.7970","2.7970","2.7970","0.03K","0.29%"
"May 14, 2019","2.7935","2.7890","2.7890","2.7890","0.03K","0.23%"
"May 13, 2019","2.7870","2.7825","2.7825","2.7825","0.02K","-1.88%"
"May 10, 2019","2.8405","2.8360","2.8360","2.8360","0.03K","0.12%"
"May 09, 2019","2.8370","2.8325","2.8325","2.8325","0.09K","-0.26%"
"May 08, 2019","2.8445","2.8400","2.8400","2.8400","0.06K","-0.65%"
"May 07, 2019","2.8630","2.8555","2.8555","2.8555","0.28K","-1.45%"
"May 06, 2019","2.9050","2.8975","2.8975","2.8975","0.04K","0.61%"
"May 03, 2019","2.8875","2.8800","2.8800","2.8800","0.18K","1.23%"
"May 02, 2019","2.8525","2.8450","2.8450","2.8450","0.10K","-0.99%"
"May 01, 2019","2.8810","2.8745","2.8745","2.8745","0.23K","-3.19%"
"Apr 30, 2019","2.9760","2.9715","2.9715","2.9715","0.03K","0.25%"
"Apr 29, 2019","2.9685","2.9640","2.9640","2.9640","0.03K","0.25%"
"Apr 26, 2019","2.9610","2.9565","2.9565","2.9565","0.03K","0.97%"
"Apr 25, 2019","2.9325","2.9280","2.9280","2.9280","0.03K","-1.49%"
"Apr 24, 2019","2.9770","2.9725","2.9725","2.9725","0.02K","0.44%"
"Apr 23, 2019","2.9640","2.9595","2.9595","2.9595","0.05K","-0.19%"
"Apr 22, 2019","2.9695","2.9650","2.9650","2.9650","0.06K","1.76%"
"Apr 19, 2019","2.9180","2.9180","2.9180","2.9180","-","-2.28%"
"Apr 18, 2019","2.9860","2.9815","2.9815","2.9815","0.09K","-1.45%"
"Apr 17, 2019","3.0300","3.0255","3.0255","3.0255","0.03K","0.97%"
"Apr 16, 2019","3.0010","2.9965","2.9965","2.9965","0.03K","-0.13%"
"Apr 15, 2019","3.0050","3.0005","3.0005","3.0005","0.04K","-0.13%"
"Apr 12, 2019","3.0090","3.0200","3.0200","3.0200","0.00K","1.69%"
"Apr 11, 2019","2.9590","2.9545","2.9545","2.9545","0.00K","-1.23%"
"Apr 10, 2019","2.9960","2.9915","2.9915","2.9915","0.03K","-0.07%"
"Apr 09, 2019","2.9980","2.9935","2.9935","2.9935","0.04K","0.22%"
"Apr 08, 2019","2.9915","2.9870","2.9870","2.9870","0.04K","1.42%"
"Apr 05, 2019","2.9495","2.9450","2.9450","2.9450","0.02K","-0.37%"
"Apr 04, 2019","2.9605","2.9560","2.9560","2.9560","0.07K","-1.17%"
"Apr 03, 2019","2.9955","2.9910","2.9910","2.9910","0.01K","1.30%"
"Apr 02, 2019","2.9570","2.9525","2.9525","2.9525","0.01K","-0.44%"
"Apr 01, 2019","2.9700","2.9655","2.9655","2.9655","0.03K","-0.30%"
"Mar 29, 2019","2.9790","2.9745","2.9745","2.9745","0.01K","2.00%"
"Mar 28, 2019","2.9205","2.9160","2.9160","2.9160","0.12K","0.33%"
"Mar 27, 2019","2.9110","2.9065","2.9065","2.9065","0.01K","0.31%"
"Mar 26, 2019","2.9020","2.9005","2.9005","2.9005","0.00K","-0.34%"
"Mar 25, 2019","2.9120","2.9105","2.9105","2.9105","0.00K","0.48%"
"Mar 22, 2019","2.8980","2.8965","2.8965","2.8965","0.01K","-1.98%"
"Mar 21, 2019","2.9565","2.9550","2.9550","2.9550","0.02K","-0.47%"
"Mar 20, 2019","2.9705","2.9690","2.9690","2.9690","0.09K","0.10%"
"Mar 19, 2019","2.9675","2.9660","2.9660","2.9660","0.00K","0.47%"
"Mar 18, 2019","2.9535","2.9520","2.9520","2.9520","0.05K","0.14%"
"Mar 15, 2019","2.9495","2.9480","2.9480","2.9480","0.03K","0.70%"
"Mar 14, 2019","2.9290","2.9275","2.9275","2.9275","0.10K","-1.36%"
"Mar 13, 2019","2.9695","2.9680","2.9680","2.9680","0.11K","0.19%"
"Mar 12, 2019","2.9640","2.9625","2.9625","2.9625","0.03K","0.94%"
"Mar 11, 2019","2.9365","2.9350","2.9350","2.9350","0.19K","0.19%"
"Mar 08, 2019","2.9310","2.9295","2.9295","2.9295","0.08K","-0.69%"
"Mar 07, 2019","2.9515","2.9500","2.9500","2.9500","0.07K","-0.19%"
"Mar 06, 2019","2.9570","2.9555","2.9555","2.9555","0.11K","-0.34%"
"Mar 05, 2019","2.9670","2.9655","2.9655","2.9655","0.03K","0.73%"
"Mar 04, 2019","2.9455","2.9440","2.9440","2.9440","0.07K","-0.66%"
"Mar 01, 2019","2.9650","2.9635","2.9635","2.9635","0.00K","-0.57%"
"Feb 28, 2019","2.9820","2.9805","2.9805","2.9805","0.19K","-0.37%"
"Feb 27, 2019","2.9930","2.9915","2.9915","2.9915","0.52K","0.42%"
"Feb 26, 2019","2.9805","2.9790","2.9790","2.9790","0.21K","0.25%"
"Feb 25, 2019","2.9730","2.9715","2.9715","2.9715","0.01K","0.02%"
"Feb 22, 2019","2.9725","2.9710","2.9710","2.9710","0.00K","1.40%"
"Feb 21, 2019","2.9315","2.9300","2.9300","2.9300","0.00K","-0.41%"
"Feb 20, 2019","2.9435","2.9420","2.9420","2.9420","0.02K","1.17%"
"Feb 19, 2019","2.9095","2.9080","2.9080","2.9080","0.03K","2.52%"
"Feb 18, 2019","2.8380","2.8160","2.8480","2.8030","-","0.78%"
"Feb 17, 2019","2.8160","2.8150","2.8170","2.8110","-","-0.93%"
"Feb 15, 2019","2.8425","2.8410","2.8410","2.8410","0.00K","0.82%"
"Feb 14, 2019","2.8195","2.8180","2.8180","2.8180","0.01K","0.27%"
"Feb 13, 2019","2.8120","2.8105","2.8105","2.8105","0.04K","-0.12%"
"Feb 12, 2019","2.8155","2.8140","2.8140","2.8140","0.01K","-0.64%"
"Feb 11, 2019","2.8335","2.8320","2.8320","2.8320","0.31K","-1.01%"
"Feb 08, 2019","2.8625","2.8610","2.8610","2.8610","0.01K","-0.52%"
"Feb 07, 2019","2.8775","2.8760","2.8760","2.8760","0.03K","0.00%"
"Feb 06, 2019","2.8775","2.8760","2.8760","2.8760","0.23K","0.47%"
"Feb 05, 2019","2.8640","2.8625","2.8625","2.8625","0.06K","0.77%"
"Feb 04, 2019","2.8420","2.8405","2.8405","2.8405","0.01K","0.58%"
"Feb 01, 2019","2.8255","2.8240","2.8240","2.8240","0.02K","-0.35%"
"Jan 31, 2019","2.8355","2.8340","2.8340","2.8340","0.01K","0.51%"
"Jan 30, 2019","2.8210","2.8195","2.8195","2.8195","0.04K","1.42%"
"Jan 29, 2019","2.7815","2.7800","2.7800","2.7800","0.01K","1.53%"
"Jan 28, 2019","2.7395","2.7380","2.7380","2.7380","0.07K","-1.51%"
"Jan 25, 2019","2.7815","2.7800","2.7800","2.7800","0.02K","2.60%"
"Jan 24, 2019","2.7110","2.7095","2.7095","2.7095","0.01K","-0.37%"
"Jan 23, 2019","2.7210","2.7195","2.7195","2.7195","0.01K","0.00%"
"Jan 22, 2019","2.7210","2.7195","2.7195","2.7195","0.02K","1.45%"
"Jan 21, 2019","2.6820","2.7090","2.7100","2.6750","-","-1.00%"
"Jan 20, 2019","2.7090","2.7120","2.7160","2.7090","-","-2.01%"
"Jan 18, 2019","2.7645","2.7630","2.7630","2.7630","0.01K","1.08%"
"Jan 17, 2019","2.7350","2.7335","2.7335","2.7335","0.00K","0.53%"
"Jan 16, 2019","2.7205","2.7190","2.7190","2.7190","0.01K","1.06%"
"Jan 15, 2019","2.6920","2.6905","2.6905","2.6905","0.01K","-0.48%"
"Jan 14, 2019","2.7050","2.7035","2.7035","2.7035","0.02K","-1.01%"
"Jan 11, 2019","2.7325","2.7310","2.7310","2.7310","0.01K","0.94%"
"Jan 10, 2019","2.7070","2.7055","2.7055","2.7055","0.02K","-0.68%"
"Jan 09, 2019","2.7255","2.7240","2.7240","2.7240","0.05K","0.09%"
"Jan 08, 2019","2.7230","2.7215","2.7215","2.7215","0.04K","0.93%"
"Jan 07, 2019","2.6980","2.6965","2.6965","2.6965","0.00K","-0.42%"
"Jan 04, 2019","2.7095","2.7080","2.7080","2.7080","0.05K","2.73%"
"Jan 03, 2019","2.6375","2.6360","2.6360","2.6360","0.00K","-1.57%"
"Jan 02, 2019","2.6795","2.6780","2.6780","2.6780","0.01K","1.04%"
"Jan 01, 2019","2.6520","2.6430","2.6540","2.6380","-","-0.90%"
"Dec 31, 2018","2.6760","2.6745","2.6745","2.6745","0.04K","-1.44%"
"Dec 28, 2018","2.7150","2.7135","2.7135","2.7135","0.01K","-0.35%"
"Dec 27, 2018","2.7245","2.7230","2.7230","2.7230","0.02K","-0.55%"
"Dec 26, 2018","2.7395","2.7380","2.7380","2.7380","0.02K","2.95%"
"Dec 25, 2018","2.6610","2.6640","2.6710","2.6490","-","-1.39%"
"Dec 24, 2018","2.6985","2.6970","2.6970","2.6970","0.20K","-0.26%"
"Dec 21, 2018","2.7055","2.7040","2.7040","2.7040","0.00K","-0.99%"
"Dec 20, 2018","2.7325","2.7310","2.7310","2.7310","0.02K","-0.44%"
"Dec 19, 2018","2.7445","2.7430","2.7430","2.7430","0.02K","1.70%"
"Dec 18, 2018","2.6985","2.6970","2.6970","2.6970","0.03K","-3.31%"
"Dec 17, 2018","2.7910","2.7895","2.7895","2.7895","0.01K","-0.04%"
"Dec 14, 2018","2.7920","2.7905","2.7905","2.7905","0.01K","0.27%"
"Dec 13, 2018","2.7845","2.7830","2.7830","2.7830","0.02K","-0.05%"
"Dec 12, 2018","2.7860","2.7845","2.7845","2.7845","0.01K","-0.32%"
"Dec 11, 2018","2.7950","2.7935","2.7935","2.7935","0.16K","0.98%"
"Dec 10, 2018","2.7680","2.7665","2.7665","2.7665","0.01K","-1.25%"
"Dec 07, 2018","2.8030","2.8015","2.8015","2.8015","0.01K","0.25%"
"Dec 06, 2018","2.7960","2.7945","2.7945","2.7945","0.02K","-1.10%"
"Dec 05, 2018","2.8270","2.8255","2.8255","2.8255","0.00K","0.28%"
"Dec 04, 2018","2.8190","2.8175","2.8175","2.8175","0.01K","-1.04%"
"Dec 03, 2018","2.8485","2.8470","2.8470","2.8470","0.00K","0.99%"
"Nov 30, 2018","2.8205","2.8190","2.8190","2.8190","0.00K","-0.27%"
"Nov 29, 2018","2.8280","2.8265","2.8265","2.8265","0.15K","-0.56%"
"Nov 28, 2018","2.8440","2.8425","2.8425","2.8425","0.01K","2.82%"
"Nov 27, 2018","2.7660","2.7645","2.7645","2.7645","0.01K","-1.44%"
"Nov 26, 2018","2.8065","2.8050","2.8050","2.8050","0.02K","-0.25%"
"Nov 23, 2018","2.8135","2.8120","2.8120","2.8120","0.01K","0.55%"
"Nov 22, 2018","2.7980","2.7830","2.8010","2.7720","-","-0.71%"
"Nov 21, 2018","2.8180","2.8165","2.8165","2.8165","0.22K","0.88%"
"Nov 20, 2018","2.7935","2.7920","2.7920","2.7920","0.05K","-0.45%"
"Nov 19, 2018","2.8060","2.8045","2.8045","2.8045","0.01K","-1.11%"
"Nov 16, 2018","2.8375","2.8360","2.8360","2.8360","0.03K","0.66%"
"Nov 15, 2018","2.8190","2.8175","2.8175","2.8175","0.00K","0.93%"
"Nov 14, 2018","2.7930","2.7915","2.7915","2.7915","0.32K","0.54%"
"Nov 13, 2018","2.7780","2.7765","2.7765","2.7765","0.02K","0.62%"
"Nov 12, 2018","2.7610","2.7595","2.7595","2.7595","1.07K","-0.22%"
"Nov 09, 2018","2.7670","2.7655","2.7655","2.7655","0.00K","-2.14%"
"Nov 08, 2018","2.8275","2.8260","2.8260","2.8260","0.01K","-0.56%"
"Nov 07, 2018","2.8435","2.8420","2.8420","2.8420","0.00K","0.74%"
"Nov 06, 2018","2.8225","2.8210","2.8210","2.8210","0.01K","-0.83%"
"Nov 05, 2018","2.8460","2.8445","2.8445","2.8445","0.05K","-1.57%"
"Nov 02, 2018","2.8915","2.8900","2.8900","2.8900","0.01K","2.83%"
"Nov 01, 2018","2.8120","2.8105","2.8105","2.8105","0.13K","2.18%"
"Oct 31, 2018","2.7520","2.7505","2.7505","2.7505","0.01K","-0.24%"
"Oct 30, 2018","2.7585","2.7570","2.7570","2.7570","0.18K","-2.70%"
"Oct 29, 2018","2.8350","2.8335","2.8335","2.8335","0.00K","0.16%"
"Oct 26, 2018","2.8305","2.8290","2.8290","2.8290","0.08K","-0.74%"
"Oct 25, 2018","2.8515","2.8500","2.8500","2.8500","0.01K","-0.18%"
"Oct 24, 2018","2.8565","2.8550","2.8550","2.8550","0.03K","-0.07%"
"Oct 23, 2018","2.8585","2.8570","2.8570","2.8570","0.03K","-0.64%"
"Oct 22, 2018","2.8770","2.8755","2.8755","2.8755","0.00K","0.24%"
"Oct 19, 2018","2.8700","2.8685","2.8685","2.8685","0.10K","0.95%"
"Oct 18, 2018","2.8430","2.8415","2.8415","2.8415","0.00K","-0.80%"
"Oct 17, 2018","2.8660","2.8645","2.8645","2.8645","0.01K","-0.14%"
"Oct 16, 2018","2.8700","2.8685","2.8685","2.8685","0.01K","0.03%"
"Oct 15, 2018","2.8690","2.8675","2.8675","2.8675","0.02K","-0.21%"
"Oct 12, 2018","2.8750","2.8735","2.8735","2.8735","0.01K","-0.12%"
"Oct 11, 2018","2.8785","2.8770","2.8770","2.8770","0.00K","0.81%"
"Oct 10, 2018","2.8555","2.8540","2.8540","2.8540","0.01K","-1.13%"
"Oct 09, 2018","2.8880","2.8865","2.8865","2.8865","0.01K","1.10%"
"Oct 08, 2018","2.8565","2.8550","2.8550","2.8550","0.34K","0.11%"
"Oct 05, 2018","2.8535","2.8520","2.8520","2.8520","0.02K","-0.30%"
"Oct 04, 2018","2.8620","2.8605","2.8605","2.8605","0.28K","-1.92%"
"Oct 03, 2018","2.9180","2.9165","2.9165","2.9165","0.00K","1.23%"
"Oct 02, 2018","2.8825","2.8810","2.8810","2.8810","0.00K","0.42%"
"Oct 01, 2018","2.8705","2.8690","2.8690","2.8690","0.01K","-0.36%"
"Sep 28, 2018","2.8810","2.8795","2.8795","2.8795","0.05K","0.63%"
"Sep 27, 2018","2.8630","2.8615","2.8615","2.8615","1.52K","-1.55%"
"Sep 26, 2018","2.9080","2.9065","2.9065","2.9065","0.01K","0.47%"
"Sep 25, 2018","2.8945","2.8930","2.8930","2.8930","0.01K","-0.72%"
"Sep 24, 2018","2.9155","2.9140","2.9140","2.9140","0.02K","-0.49%"
"Sep 21, 2018","2.9300","2.9285","2.9285","2.9285","0.01K","3.79%"
"Sep 20, 2018","2.8230","2.8215","2.8215","2.8215","0.01K","0.12%"
"Sep 19, 2018","2.8195","2.8180","2.8180","2.8180","0.01K","-0.02%"
"Sep 18, 2018","2.8200","2.8185","2.8185","2.8185","0.03K","2.32%"
"Sep 17, 2018","2.7560","2.7545","2.7545","2.7545","0.01K","0.24%"
"Sep 14, 2018","2.7495","2.7480","2.7480","2.7480","0.36K","-1.29%"
"Sep 13, 2018","2.7855","2.7840","2.7840","2.7840","0.16K","0.36%"
"Sep 12, 2018","2.7755","2.7740","2.7740","2.7740","0.04K","2.00%"
"Sep 11, 2018","2.7210","2.7195","2.7195","2.7195","0.05K","-0.53%"
"Sep 10, 2018","2.7355","2.7340","2.7340","2.7340","0.02K","0.16%"
"Sep 07, 2018","2.7310","2.7295","2.7295","2.7295","0.05K","-0.69%"
"Sep 06, 2018","2.7500","2.7485","2.7485","2.7485","0.01K","1.07%"
"Sep 05, 2018","2.7210","2.7195","2.7195","2.7195","0.02K","0.09%"
"Sep 04, 2018","2.7185","2.7170","2.7170","2.7170","0.03K","-2.23%"
"Aug 31, 2018","2.7805","2.7790","2.7790","2.7790","0.00K","-1.58%"
"Aug 30, 2018","2.8250","2.8235","2.8235","2.8235","0.12K","-0.84%"
"Aug 29, 2018","2.8490","2.8475","2.8475","2.8475","0.01K","-0.52%"
"Aug 28, 2018","2.8640","2.8625","2.8625","2.8625","0.01K","0.77%"
"Aug 27, 2018","2.8420","2.8405","2.8405","2.8405","0.01K","0.30%"
"Aug 24, 2018","2.8335","2.8320","2.8320","2.8320","0.01K","1.43%"
"Aug 23, 2018","2.7935","2.7920","2.7920","2.7920","0.05K","-0.52%"
"Aug 22, 2018","2.8080","2.8065","2.8065","2.8065","0.03K","-0.39%"
"Aug 21, 2018","2.8190","2.8175","2.8175","2.8175","0.01K","0.77%"
"Aug 20, 2018","2.7975","2.7960","2.7960","2.7960","0.03K","1.40%"
"Aug 17, 2018","2.7590","2.7575","2.7575","2.7575","0.04K","0.53%"
"Aug 16, 2018","2.7445","2.7430","2.7430","2.7430","0.09K","1.70%"
"Aug 15, 2018","2.6985","2.6970","2.6970","2.6970","0.03K","-4.27%"
"Aug 14, 2018","2.8190","2.8175","2.8175","2.8175","0.02K","-1.59%"
"Aug 13, 2018","2.8645","2.8630","2.8630","2.8630","0.01K","-0.40%"
"Aug 10, 2018","2.8760","2.8745","2.8745","2.8745","0.01K","-0.81%"
"Aug 09, 2018","2.8995","2.8980","2.8980","2.8980","28.11K","0.55%"
"Aug 08, 2018","2.8835","2.8820","2.8820","2.8820","0.02K","-0.19%"
"Aug 07, 2018","2.8890","2.8875","2.8875","2.8875","0.01K","0.64%"
"Aug 06, 2018","2.8705","2.8690","2.8690","2.8690","0.02K","-1.10%"
"Aug 03, 2018","2.9025","2.9010","2.9010","2.9010","0.03K","0.92%"
"Aug 02, 2018","2.8760","2.8745","2.8745","2.8745","0.02K","-0.23%"
"Aug 01, 2018","2.8825","2.8810","2.8810","2.8810","0.01K","-2.52%"
"Jul 31, 2018","2.9570","2.9555","2.9555","2.9555","0.03K","1.18%"
"Jul 30, 2018","2.9225","2.9210","2.9210","2.9210","0.00K","-0.10%"
"Jul 27, 2018","2.9255","2.9240","2.9240","2.9240","0.01K","-0.44%"
"Jul 26, 2018","2.9385","2.9370","2.9370","2.9370","0.01K","-0.05%"
"Jul 25, 2018","2.9400","2.9385","2.9385","2.9385","0.01K","0.36%"
"Jul 24, 2018","2.9295","2.9280","2.9280","2.9280","0.05K","2.25%"
"Jul 23, 2018","2.8650","2.8635","2.8635","2.8635","0.78K","-0.42%"
"Jul 20, 2018","2.8770","2.8755","2.8755","2.8755","0.60K","2.02%"
"Jul 19, 2018","2.8200","2.8185","2.8185","2.8185","0.07K","-2.27%"
"Jul 18, 2018","2.8855","2.8840","2.8840","2.8840","0.00K","0.26%"
"Jul 17, 2018","2.8780","2.8765","2.8765","2.8765","0.01K","-0.43%"
"Jul 16, 2018","2.8905","2.8890","2.8890","2.8890","0.05K","-0.62%"
"Jul 13, 2018","2.9085","2.9070","2.9070","2.9070","0.02K","0.02%"
"Jul 12, 2018","2.9080","2.9065","2.9065","2.9065","0.00K","1.25%"
"Jul 11, 2018","2.8720","2.8705","2.8705","2.8705","0.01K","-3.14%"
"Jul 10, 2018","2.9650","2.9635","2.9635","2.9635","0.00K","-0.13%"
"Jul 09, 2018","2.9690","2.9675","2.9675","2.9675","0.03K","0.83%"
"Jul 06, 2018","2.9445","2.9430","2.9430","2.9430","0.00K","0.03%"
"Jul 05, 2018","2.9435","2.9420","2.9420","2.9420","1.05K","-2.93%"
"Jul 03, 2018","3.0325","3.0310","3.0310","3.0310","0.00K","-0.75%"
"Jul 02, 2018","3.0555","3.0540","3.0540","3.0540","1.74K","-0.63%"
"Jun 29, 2018","3.0750","3.0735","3.0735","3.0735","0.04K","-0.15%"
"Jun 28, 2018","3.0795","3.0780","3.0780","3.0780","0.03K","-1.31%"
"Jun 27, 2018","3.1205","3.1190","3.1190","3.1190","0.01K","-0.24%"
"Jun 26, 2018","3.1280","3.1265","3.1265","3.1265","0.01K","0.08%"
"Jun 25, 2018","3.1255","3.1240","3.1240","3.1240","0.00K","-0.95%"
"Jun 22, 2018","3.1555","3.1540","3.1540","3.1540","0.02K","0.21%"
"Jun 21, 2018","3.1490","3.1475","3.1475","3.1475","0.02K","-0.77%"
"Jun 20, 2018","3.1735","3.1720","3.1720","3.1720","0.38K","-0.33%"
"Jun 19, 2018","3.1840","3.1825","3.1825","3.1825","0.00K","-1.73%"
"Jun 18, 2018","3.2400","3.2385","3.2385","3.2385","0.01K","-1.05%"
"Jun 15, 2018","3.2745","3.2730","3.2730","3.2730","0.02K","-2.17%"
"Jun 14, 2018","3.3470","3.3455","3.3455","3.3455","0.01K","-0.93%"
"Jun 13, 2018","3.3785","3.3770","3.3770","3.3770","0.55K","0.13%"
"Jun 12, 2018","3.3740","3.3725","3.3725","3.3725","0.00K","0.01%"
"Jun 11, 2018","3.3735","3.3720","3.3720","3.3720","0.02K","-1.26%"
"Jun 08, 2018","3.4165","3.4150","3.4150","3.4150","0.03K","0.80%"
"Jun 07, 2018","3.3895","3.3880","3.3880","3.3880","0.06K","0.18%"
"Jun 06, 2018","3.3835","3.3820","3.3820","3.3820","0.58K","1.77%"
"Jun 05, 2018","3.3245","3.3230","3.3230","3.3230","0.01K","1.99%"
"Jun 04, 2018","3.2595","3.2580","3.2580","3.2580","0.02K","0.88%"
"Jun 01, 2018","3.2310","3.2295","3.2295","3.2295","0.01K","1.13%"
"May 31, 2018","3.1950","3.1935","3.1935","3.1935","0.00K","0.00%"
"May 30, 2018","3.1950","3.1935","3.1935","3.1935","0.01K","0.11%"
"May 29, 2018","3.1915","3.1900","3.1900","3.1900","0.52K","-0.48%"
"May 25, 2018","3.2070","3.2055","3.2055","3.2055","0.40K","-0.43%"
"May 24, 2018","3.2210","3.2195","3.2195","3.2195","0.78K","0.77%"
"May 23, 2018","3.1965","3.1950","3.1950","3.1950","0.75K","-1.83%"
"May 22, 2018","3.2560","3.2545","3.2545","3.2545","0.01K","0.84%"
"May 21, 2018","3.2290","3.2275","3.2275","3.2275","0.49K","1.13%"
"May 18, 2018","3.1930","3.1915","3.1915","3.1915","0.39K","-0.75%"
"May 17, 2018","3.2170","3.2155","3.2155","3.2155","0.71K","0.70%"
"May 16, 2018","3.1945","3.1930","3.1930","3.1930","0.69K","0.27%"
"May 15, 2018","3.1860","3.1845","3.1845","3.1845","1.00K","-1.10%"
"May 14, 2018","3.2215","3.2200","3.2200","3.2200","0.70K","-0.68%"
"May 11, 2018","3.2435","3.2420","3.2420","3.2420","0.49K","0.08%"
"May 10, 2018","3.2410","3.2395","3.2395","3.2395","0.76K","1.31%"
"May 09, 2018","3.1990","3.1975","3.1975","3.1975","0.51K","0.00%"
"May 08, 2018","3.1990","3.1975","3.1975","3.1975","0.00K","-0.57%"
"May 07, 2018","3.2175","3.2160","3.2160","3.2160","0.04K","0.02%"
"May 04, 2018","3.2170","3.2155","3.2155","3.2155","0.69K","0.19%"
"May 03, 2018","3.2110","3.2095","3.2095","3.2095","0.53K","0.50%"
"May 02, 2018","3.1950","3.1935","3.1935","3.1935","1.04K","0.85%"
"May 01, 2018","3.1680","3.1665","3.1665","3.1665","1.49K","-1.06%"
"Apr 30, 2018","3.2020","3.2005","3.2005","3.2005","0.02K","0.00%"
"Apr 27, 2018","3.2020","3.2005","3.2005","3.2005","12.51K","-1.93%"
"Apr 26, 2018","3.2650","3.2635","3.2635","3.2635","0.01K","-0.41%"
"Apr 25, 2018","3.2785","3.2770","3.2770","3.2770","0.04K","-0.41%"
"Apr 24, 2018","3.2920","3.2905","3.2905","3.2905","0.29K","0.94%"
"Apr 23, 2018","3.2615","3.2600","3.2600","3.2600","0.32K","-0.64%"
"Apr 20, 2018","3.2825","3.2810","3.2810","3.2810","0.28K","0.09%"
"Apr 19, 2018","3.2795","3.2780","3.2780","3.2780","0.35K","-0.70%"
"Apr 18, 2018","3.3025","3.3010","3.3010","3.3010","0.45K","2.28%"
"Apr 17, 2018","3.2290","3.2275","3.2275","3.2275","0.24K","-0.34%"
"Apr 16, 2018","3.2400","3.2385","3.2385","3.2385","0.38K","0.78%"
"Apr 13, 2018","3.2150","3.2135","3.2135","3.2135","0.38K","0.27%"
"Apr 12, 2018","3.2065","3.2050","3.2050","3.2050","0.46K","-1.37%"
"Apr 11, 2018","3.2510","3.2495","3.2495","3.2495","0.03K","-0.64%"
"Apr 10, 2018","3.2720","3.2705","3.2705","3.2705","0.41K","1.80%"
"Apr 09, 2018","3.2140","3.2125","3.2125","3.2125","0.32K","0.52%"
"Apr 06, 2018","3.1975","3.1960","3.1960","3.1960","0.49K","-0.39%"
"Apr 05, 2018","3.2100","3.2085","3.2085","3.2085","0.24K","2.03%"
"Apr 04, 2018","3.1460","3.1445","3.1445","3.1445","0.00K","-1.53%"
"Apr 03, 2018","3.1950","3.1935","3.1935","3.1935","0.02K","0.47%"
"Apr 02, 2018","3.1800","3.1785","3.1785","3.1785","0.43K","0.82%"
"Mar 29, 2018","3.1540","3.1525","3.1525","3.1525","0.80K","0.73%"
"Mar 28, 2018","3.1310","3.1295","3.1295","3.1295","2.13K","0.06%"
"Mar 27, 2018","3.1290","3.1275","3.1275","3.1275","0.42K","1.00%"
"Mar 26, 2018","3.0980","3.0965","3.0965","3.0965","0.04K","-0.74%"
"Mar 23, 2018","3.1210","3.1195","3.1195","3.1195","0.35K","-0.79%"
"Mar 22, 2018","3.1460","3.1445","3.1445","3.1445","0.37K","-1.01%"
"Mar 21, 2018","3.1780","3.1765","3.1765","3.1765","0.99K","0.51%"
"Mar 20, 2018","3.1620","3.1605","3.1605","3.1605","0.72K","-1.36%"
"Mar 19, 2018","3.2055","3.2040","3.2040","3.2040","0.03K","-0.76%"
"Mar 16, 2018","3.2300","3.2285","3.2285","3.2285","0.48K","-0.58%"
"Mar 15, 2018","3.2490","3.2475","3.2475","3.2475","0.49K","-0.88%"
"Mar 14, 2018","3.2780","3.2765","3.2765","3.2765","0.45K","0.55%"
"Mar 13, 2018","3.2600","3.2585","3.2585","3.2585","0.00K","0.46%"
"Mar 12, 2018","3.2450","3.2435","3.2435","3.2435","0.63K","-0.37%"
"Mar 09, 2018","3.2570","3.2555","3.2555","3.2555","0.75K","1.67%"
"Mar 08, 2018","3.2035","3.2020","3.2020","3.2020","0.65K","-1.58%"
"Mar 07, 2018","3.2550","3.2535","3.2535","3.2535","0.74K","-0.49%"
"Mar 06, 2018","3.2710","3.2695","3.2695","3.2695","0.54K","0.99%"
"Mar 05, 2018","3.2390","3.2375","3.2375","3.2375","0.03K","0.06%"
"Mar 02, 2018","3.2370","3.2355","3.2355","3.2355","1.06K","0.03%"
"Mar 01, 2018","3.2360","3.2345","3.2345","3.2345","1.73K","-0.37%"
"Feb 28, 2018","3.2480","3.2465","3.2465","3.2465","3.32K","-1.69%"
"Feb 27, 2018","3.3040","3.3025","3.3025","3.3025","16.68K","-0.90%"
"Feb 26, 2018","3.3340","3.3325","3.3325","3.3325","0.32K","-0.19%"
"Feb 23, 2018","3.3405","3.3390","3.3390","3.3390","0.29K","-0.71%"
"Feb 22, 2018","3.3645","3.3630","3.3630","3.3630","0.34K","0.75%"
"Feb 21, 2018","3.3395","3.3380","3.3380","3.3380","0.30K","0.69%"
"Feb 20, 2018","3.3165","3.3150","3.3150","3.3150","0.00K","-1.43%"
"Feb 16, 2018","3.3645","3.3630","3.3630","3.3630","0.40K","0.16%"
"Feb 15, 2018","3.3590","3.3575","3.3575","3.3575","0.41K","0.30%"
"Feb 14, 2018","3.3490","3.3475","3.3475","3.3475","0.41K","2.20%"
"Feb 13, 2018","3.2770","3.2755","3.2755","3.2755","0.35K","2.25%"
"Feb 12, 2018","3.2050","3.2035","3.2035","3.2035","0.00K","1.60%"
"Feb 09, 2018","3.1545","3.1530","3.1530","3.1530","0.47K","-1.44%"
"Feb 08, 2018","3.2005","3.1990","3.1990","3.1990","0.41K","-0.23%"
"Feb 07, 2018","3.2080","3.2065","3.2065","3.2065","0.33K","-3.04%"
"Feb 06, 2018","3.3085","3.3070","3.3070","3.3070","0.00K","-0.90%"
"Feb 05, 2018","3.3385","3.3370","3.3370","3.3370","0.45K","1.00%"
"Feb 02, 2018","3.3055","3.3040","3.3040","3.3040","0.41K","-0.60%"
"Feb 01, 2018","3.3255","3.3240","3.3240","3.3240","0.89K","0.56%"
"Jan 31, 2018","3.3070","3.3055","3.3055","3.3055","0.80K","0.06%"
"Jan 30, 2018","3.3050","3.3035","3.3035","3.3035","0.67K","-0.06%"
"Jan 29, 2018","3.3070","3.3055","3.3055","3.3055","0.27K","-0.26%"
"Jan 26, 2018","3.3155","3.3140","3.3140","3.3140","0.22K","-0.53%"
"Jan 25, 2018","3.3330","3.3315","3.3315","3.3315","0.35K","-0.43%"
"Jan 24, 2018","3.3475","3.3460","3.3460","3.3460","0.32K","3.54%"
"Jan 23, 2018","3.2330","3.2315","3.2315","3.2315","0.35K","-2.39%"
"Jan 22, 2018","3.3120","3.3105","3.3105","3.3105","0.23K","0.32%"
"Jan 19, 2018","3.3015","3.3000","3.3000","3.3000","0.24K","-0.26%"
"Jan 18, 2018","3.3100","3.3085","3.3085","3.3085","0.42K","0.32%"
"Jan 17, 2018","3.2995","3.2980","3.2980","3.2980","0.67K","-0.89%"
"Jan 16, 2018","3.3290","3.3275","3.3275","3.3275","1.02K","0.11%"
"Jan 12, 2018","3.3255","3.3240","3.3240","3.3240","0.32K","-0.34%"
"Jan 11, 2018","3.3370","3.3355","3.3355","3.3355","0.32K","0.07%"
"Jan 10, 2018","3.3345","3.3330","3.3330","3.3330","0.38K","0.56%"
"Jan 09, 2018","3.3160","3.3145","3.3145","3.3145","0.83K","-0.21%"
"Jan 08, 2018","3.3230","3.3215","3.3215","3.3215","0.70K","-0.15%"
"Jan 05, 2018","3.3280","3.3265","3.3265","3.3265","0.58K","-0.86%"
"Jan 04, 2018","3.3570","3.3555","3.3555","3.3555","0.32K","0.19%"
"Jan 03, 2018","3.3505","3.3490","3.3490","3.3490","0.33K","-0.39%"
"Jan 02, 2018","3.3635","3.3620","3.3620","3.3620","0.76K","-0.62%"
"Dec 29, 2017","3.3845","3.3830","3.3830","3.3830","0.87K","-0.10%"
"Dec 28, 2017","3.3880","3.3865","3.3865","3.3865","0.81K","0.68%"
"Dec 27, 2017","3.3650","3.3635","3.3635","3.3635","0.59K","0.24%"
"Dec 26, 2017","3.3570","3.3555","3.3555","3.3555","0.50K","1.27%"
"Dec 22, 2017","3.3150","3.3135","3.3135","3.3135","0.95K","0.47%"
"Dec 21, 2017","3.2995","3.2980","3.2980","3.2980","0.98K","0.83%"
"Dec 20, 2017","3.2725","3.2710","3.2710","3.2710","0.60K","1.50%"
"Dec 19, 2017","3.2240","3.2225","3.2225","3.2225","0.71K","0.00%"
"Dec 18, 2017","3.2240","3.2225","3.2225","3.2225","0.62K","0.42%"
"Dec 15, 2017","3.2105","3.2090","3.2090","3.2090","0.56K","1.97%"
"Dec 14, 2017","3.1485","3.1470","3.1470","3.1470","1.03K","0.61%"
"Dec 13, 2017","3.1295","3.1280","3.1280","3.1280","0.54K","0.94%"
"Dec 12, 2017","3.1005","3.0990","3.0990","3.0990","0.84K","0.40%"
"Dec 11, 2017","3.0880","3.0865","3.0865","3.0865","0.48K","1.10%"
"Dec 08, 2017","3.0545","3.0530","3.0530","3.0530","0.69K","0.46%"
"Dec 07, 2017","3.0405","3.0390","3.0390","3.0390","0.69K","0.13%"
"Dec 06, 2017","3.0365","3.0350","3.0350","3.0350","0.77K","0.71%"
"Dec 05, 2017","3.0150","3.0135","3.0135","3.0135","0.01K","-4.44%"
"Dec 04, 2017","3.1550","3.1535","3.1535","3.1535","0.89K","-0.03%"
"Dec 01, 2017","3.1560","3.1545","3.1545","3.1545","2.05K","0.86%"
"Nov 30, 2017","3.1290","3.1275","3.1275","3.1275","2.04K","-0.10%"
"Nov 29, 2017","3.1320","3.1305","3.1305","3.1305","0.01K","-0.89%"
"Nov 28, 2017","3.1600","3.1585","3.1585","3.1585","0.23K","-1.68%"
"Nov 27, 2017","3.2140","3.2125","3.2125","3.2125","0.25K","-1.02%"
"Nov 24, 2017","3.2470","3.2455","3.2455","3.2455","0.19K","0.95%"
"Nov 22, 2017","3.2165","3.2150","3.2150","3.2150","0.32K","0.31%"
"Nov 21, 2017","3.2065","3.2050","3.2050","3.2050","0.42K","1.23%"
"Nov 20, 2017","3.1675","3.1660","3.1660","3.1660","0.38K","0.56%"
"Nov 17, 2017","3.1500","3.1485","3.1485","3.1485","0.12K","0.57%"
"Nov 16, 2017","3.1320","3.1305","3.1305","3.1305","0.33K","-0.22%"
"Nov 15, 2017","3.1390","3.1375","3.1375","3.1375","0.00K","-0.37%"
"Nov 14, 2017","3.1505","3.1490","3.1490","3.1490","0.29K","-1.47%"
"Nov 13, 2017","3.1975","3.1960","3.1960","3.1960","0.37K","1.22%"
"Nov 10, 2017","3.1590","3.1575","3.1575","3.1575","0.21K","-0.27%"
"Nov 09, 2017","3.1675","3.1660","3.1660","3.1660","0.22K","-0.44%"
"Nov 08, 2017","3.1815","3.1800","3.1800","3.1800","0.26K","0.25%"
"Nov 07, 2017","3.1735","3.1720","3.1720","3.1720","0.38K","-2.10%"
"Nov 06, 2017","3.2415","3.2400","3.2400","3.2400","0.27K","1.34%"
"Nov 03, 2017","3.1985","3.1970","3.1970","3.1970","0.35K","-0.76%"
"Nov 02, 2017","3.2230","3.2215","3.2215","3.2215","0.57K","-0.15%"
"Nov 01, 2017","3.2280","3.2265","3.2265","3.2265","0.44K","1.54%"
"Oct 31, 2017","3.1790","3.1775","3.1775","3.1775","0.66K","-0.56%"
"Oct 30, 2017","3.1970","3.1955","3.1955","3.1955","0.68K","0.28%"
"Oct 27, 2017","3.1880","3.1865","3.1865","3.1865","0.32K","-2.25%"
"Oct 26, 2017","3.2615","3.2600","3.2600","3.2600","0.35K","0.03%"
"Oct 25, 2017","3.2605","3.2590","3.2590","3.2590","0.49K","-0.70%"
"Oct 24, 2017","3.2835","3.2820","3.2820","3.2820","0.31K","0.27%"
"Oct 23, 2017","3.2745","3.2730","3.2730","3.2730","0.36K","0.99%"
"Oct 20, 2017","3.2425","3.2410","3.2410","3.2410","0.37K","-0.11%"
"Oct 19, 2017","3.2460","3.2445","3.2445","3.2445","0.41K","-0.40%"
"Oct 18, 2017","3.2590","3.2575","3.2575","3.2575","0.54K","-0.47%"
"Oct 17, 2017","3.2745","3.2730","3.2730","3.2730","0.47K","-1.24%"
"Oct 16, 2017","3.3155","3.3140","3.3140","3.3140","0.35K","3.21%"
"Oct 13, 2017","3.2125","3.2110","3.2110","3.2110","0.32K","0.33%"
"Oct 12, 2017","3.2020","3.2005","3.2005","3.2005","0.50K","0.77%"
"Oct 11, 2017","3.1775","3.1760","3.1760","3.1760","0.56K","0.94%"
"Oct 10, 2017","3.1480","3.1465","3.1465","3.1465","0.72K","0.99%"
"Oct 09, 2017","3.1170","3.1155","3.1155","3.1155","0.41K","0.11%"
"Oct 06, 2017","3.1135","3.1120","3.1120","3.1120","0.40K","-0.38%"